"date","strike","right","close_option","close_future","dte","k","iv"
"2020-12-22",26200,"call",560,26140,0.0821917808219178,1.00229533282326,0.194417652278701
"2020-12-08",26400,"call",619,26308,0.120547945205479,1.0034970351224,0.178860369800334
"2020-12-14",26400,"call",593,26375,0.104109589041096,1.00094786729858,0.175321231571847
"2020-12-15",26400,"call",510,26253,0.101369863013699,1.00559936007313,0.170911032792167
"2020-12-21",26400,"call",566,26365,0.0849315068493151,1.0013275175422,0.187559536486213
"2020-12-22",26400,"call",474,26140,0.0821917808219178,1.00994644223412,0.195736594195633
"2020-12-23",26400,"call",513,26331,0.0794520547945206,1.00262048535946,0.18194829113728
"2020-12-28",26400,"call",535,26391,0.0657534246575342,1.00034102534955,0.197458952384648
"2020-11-30",26600,"call",665,26448,0.142465753424658,1.00574712643678,0.181687544754351
"2020-12-02",26600,"call",714,26544,0.136986301369863,1.00210970464135,0.185746347895069
"2020-12-07",26600,"call",616,26434,0.123287671232877,1.00627979117803,0.184367847467291
"2020-12-08",26600,"call",515,26308,0.120547945205479,1.01109928538848,0.174790204108487
"2020-12-09",26600,"call",591,26556,0.117808219178082,1.00165687603555,0.165291530676482
"2020-12-10",26600,"call",529,26422,0.115068493150685,1.0067368102339,0.168271797271098
"2020-12-11",26600,"call",589,26510,0.112328767123288,1.00339494530366,0.175341949423079
"2020-12-14",26600,"call",520,26375,0.104109589041096,1.0085308056872,0.18098594859828
"2020-12-15",26600,"call",419,26253,0.101369863013699,1.01321753704339,0.169150794472896
"2020-12-16",26600,"call",557,26544,0.0986301369863014,1.00210970464135,0.17279592484737
"2020-12-18",26600,"call",537,26520,0.0931506849315069,1.00301659125189,0.175467578112905
"2020-12-21",26600,"call",471,26365,0.0849315068493151,1.00891333206903,0.186331084476022
"2020-12-22",26600,"call",392,26140,0.0821917808219178,1.01759755164499,0.194831484357315
"2020-12-23",26600,"call",440,26331,0.0794520547945206,1.01021609509703,0.187393589262147
"2020-12-24",26600,"call",466,26429,0.0767123287671233,1.00647016534867,0.184490123716241
"2020-12-28",26600,"call",432,26391,0.0657534246575342,1.00791936645068,0.19344318588093
"2020-11-30",26800,"call",571,26448,0.142465753424658,1.01330913490623,0.180023421237381
"2020-12-02",26800,"call",627,26544,0.136986301369863,1.00964436407474,0.186918792253394
"2020-12-03",26800,"call",658,26735,0.134246575342466,1.00243126987096,0.173106273550142
"2020-12-07",26800,"call",530,26434,0.123287671232877,1.01384580464553,0.184426564654807
"2020-12-08",26800,"call",445,26308,0.120547945205479,1.01870153565455,0.177483717697583
"2020-12-09",26800,"call",511,26556,0.117808219178082,1.00918813074258,0.168425292459836
"2020-12-10",26800,"call",440,26422,0.115068493150685,1.0143062599349,0.166940955308111
"2020-12-11",26800,"call",473,26510,0.112328767123288,1.01093926820068,0.167663739275107
"2020-12-14",26800,"call",418,26375,0.104109589041096,1.01611374407583,0.174960721027246
"2020-12-15",26800,"call",351,26253,0.101369863013699,1.02083571401364,0.171179215238644
"2020-12-16",26800,"call",467,26544,0.0986301369863014,1.00964436407474,0.172879373237445
"2020-12-17",26800,"call",511,26718,0.0958904109589041,1.0030690919979,0.163971416123221
"2020-12-18",26800,"call",427,26520,0.0931506849315069,1.0105580693816,0.168821266907377
"2020-12-21",26800,"call",368,26365,0.0849315068493151,1.01649914659587,0.17868129256372
"2020-12-22",26800,"call",320,26140,0.0821917808219178,1.02524866105585,0.193800668327198
"2020-12-23",26800,"call",356,26331,0.0794520547945206,1.01781170483461,0.185285478411827
"2020-12-24",26800,"call",378,26429,0.0767123287671233,1.01403761020092,0.182739630474889
"2020-12-28",26800,"call",353,26391,0.0657534246575342,1.01549770755182,0.193934494716135
"2020-12-29",26800,"call",419,26625,0.063013698630137,1.00657276995305,0.185454727244671
"2020-11-30",27000,"call",521,26448,0.142465753424658,1.02087114337568,0.187487356705793
"2020-12-01",27000,"call",575,26604,0.13972602739726,1.0148849797023,0.186400869725764
"2020-12-02",27000,"call",516,26544,0.136986301369863,1.01717902350814,0.179656465501244
"2020-12-03",27000,"call",586,26735,0.134246575342466,1.00991210024313,0.17797783977132
"2020-12-04",27000,"call",631,26877,0.131506849315068,1.00457640361648,0.174110415281722
"2020-12-07",27000,"call",457,26434,0.123287671232877,1.02141181811304,0.185628793814426
"2020-12-08",27000,"call",372,26308,0.120547945205479,1.02630378592063,0.176762979065009
"2020-12-09",27000,"call",430,26556,0.117808219178082,1.01671938544962,0.168500873319831
"2020-12-10",27000,"call",365,26422,0.115068493150685,1.02187570963591,0.166680340310109
"2020-12-11",27000,"call",422,26510,0.112328767123288,1.0184835910977,0.175702786176747
"2020-12-14",27000,"call",347,26375,0.104109589041096,1.02369668246445,0.175146143358601
"2020-12-15",27000,"call",295,26253,0.101369863013699,1.02845389098389,0.174035152969467
"2020-12-16",27000,"call",378,26544,0.0986301369863014,1.01717902350814,0.169921736898033
"2020-12-17",27000,"call",437,26718,0.0958904109589041,1.01055468223669,0.168401800124873
"2020-12-18",27000,"call",366,26520,0.0931506849315069,1.01809954751131,0.174099839194212
"2020-12-21",27000,"call",318,26365,0.0849315068493151,1.0240849611227,0.185398673748022
"2020-12-22",27000,"call",254,26140,0.0821917808219178,1.03289977046672,0.191247552295386
"2020-12-23",27000,"call",291,26331,0.0794520547945206,1.02540731457218,0.186082792854799
"2020-12-24",27000,"call",308,26429,0.0767123287671233,1.02160505505316,0.183348309156358
"2020-12-28",27000,"call",284,26391,0.0657534246575342,1.02307604865295,0.193926037625447
"2020-12-29",27000,"call",338,26625,0.063013698630137,1.01408450704225,0.185646921824866
"2020-11-30",27200,"call",445,26448,0.142465753424658,1.02843315184513,0.186285325885615
"2020-12-01",27200,"call",508,26604,0.13972602739726,1.02240264621861,0.189143283109313
"2020-12-02",27200,"call",439,26544,0.136986301369863,1.02471368294153,0.178881166627825
"2020-12-03",27200,"call",515,26735,0.134246575342466,1.0173929306153,0.180889035268392
"2020-12-04",27200,"call",529,26877,0.131506849315068,1.01201771030993,0.17053731309116
"2020-12-07",27200,"call",390,26434,0.123287671232877,1.02897783158054,0.186170258965005
"2020-12-08",27200,"call",313,26308,0.120547945205479,1.03390603618671,0.177610074170917
"2020-12-09",27200,"call",359,26556,0.117808219178082,1.02425064015665,0.168655253635493
"2020-12-10",27200,"call",299,26422,0.115068493150685,1.02944515933692,0.166193562500411
"2020-12-11",27200,"call",352,26510,0.112328767123288,1.02602791399472,0.175609894524208
"2020-12-14",27200,"call",279,26375,0.104109589041096,1.03127962085308,0.173167464908154
"2020-12-15",27200,"call",238,26253,0.101369863013699,1.03607206795414,0.173571170824706
"2020-12-16",27200,"call",292,26544,0.0986301369863014,1.02471368294153,0.164260071472603
"2020-12-17",27200,"call",375,26718,0.0958904109589041,1.01804027247548,0.1733322485259
"2020-12-18",27200,"call",298,26520,0.0931506849315069,1.02564102564103,0.173891088522188
"2020-12-21",27200,"call",254,26365,0.0849315068493151,1.03167077564954,0.183892916993622
"2020-12-22",27200,"call",207,26140,0.0821917808219178,1.04055087987758,0.192530926710991
"2020-12-23",27200,"call",238,26331,0.0794520547945206,1.03300292430975,0.187798232599083
"2020-12-24",27200,"call",249,26429,0.0767123287671233,1.02917249990541,0.184198738948492
"2020-12-28",27200,"call",223,26391,0.0657534246575342,1.03065438975408,0.192778595826298
"2020-12-29",27200,"call",271,26625,0.063013698630137,1.02159624413146,0.186656933348981
"2020-11-30",27400,"call",376,26448,0.142465753424658,1.03599516031458,0.184815523916084
"2020-12-01",27400,"call",436,26604,0.13972602739726,1.02992031273493,0.188578613734952
"2020-12-02",27400,"call",391,26544,0.136986301369863,1.03224834237492,0.183854793278903
"2020-12-03",27400,"call",432,26735,0.134246575342466,1.02487376098747,0.178411791488478
"2020-12-04",27400,"call",442,26877,0.131506849315068,1.01945901700339,0.168364560441591
"2020-12-07",27400,"call",331,26434,0.123287671232877,1.03654384504804,0.186737764768413
"2020-12-08",27400,"call",257,26308,0.120547945205479,1.04150828645279,0.176860876096368
"2020-12-09",27400,"call",292,26556,0.117808219178082,1.03178189486368,0.167195762103398
"2020-12-10",27400,"call",250,26422,0.115068493150685,1.03701460903792,0.168305496935282
"2020-12-11",27400,"call",281,26510,0.112328767123288,1.03357223689174,0.172277733923139
"2020-12-14",27400,"call",231,26375,0.104109589041096,1.03886255924171,0.174900140076716
"2020-12-15",27400,"call",197,26253,0.101369863013699,1.04369024492439,0.175937779167869
"2020-12-16",27400,"call",261,26544,0.0986301369863014,1.03224834237492,0.173683610999101
"2020-12-17",27400,"call",305,26718,0.0958904109589041,1.02552586271427,0.17260030213536
"2020-12-18",27400,"call",235,26520,0.0931506849315069,1.03318250377074,0.171902908305009
"2020-12-21",27400,"call",196,26365,0.0849315068493151,1.03925659017637,0.180837188530336
"2020-12-22",27400,"call",165,26140,0.0821917808219178,1.04820198928845,0.192625718195735
"2020-12-23",27400,"call",187,26331,0.0794520547945206,1.04059853404732,0.186720323679069
"2020-12-24",27400,"call",196,26429,0.0767123287671233,1.03673994475765,0.183594398342268
"2020-12-28",27400,"call",179,26391,0.0657534246575342,1.03823273085522,0.194902865447589
"2020-12-29",27400,"call",213,26625,0.063013698630137,1.02910798122066,0.186836917049355
"2020-12-30",27400,"call",463,27286,0.0602739726027397,1.00417796672286,0.191320623969268
"2020-12-31",27400,"call",444,27219,0.0575342465753425,1.00664976670708,0.200675892102053
"2020-11-30",27600,"call",332,26448,0.142465753424658,1.04355716878403,0.188399708258188
"2020-12-01",27600,"call",332,26604,0.13972602739726,1.03743797925124,0.176745028889991
"2020-12-02",27600,"call",335,26544,0.136986301369863,1.03978300180832,0.184719262132762
"2020-12-03",27600,"call",380,26735,0.134246575342466,1.03235459135964,0.182152674473399
"2020-12-04",27600,"call",382,26877,0.131506849315068,1.02690032369684,0.171030502080622
"2020-12-07",27600,"call",270,26434,0.123287671232877,1.04410985851555,0.184253686537
"2020-12-08",27600,"call",207,26308,0.120547945205479,1.04911053671887,0.175441163892289
"2020-12-09",27600,"call",245,26556,0.117808219178082,1.03931314957072,0.169326157586418
"2020-12-10",27600,"call",207,26422,0.115068493150685,1.04458405873893,0.169940655688869
"2020-12-11",27600,"call",217,26510,0.112328767123288,1.04111655978876,0.167919110287324
"2020-12-14",27600,"call",181,26375,0.104109589041096,1.04644549763033,0.172943887263465
"2020-12-15",27600,"call",159,26253,0.101369863013699,1.05130842189464,0.176769991654888
"2020-12-16",27600,"call",208,26544,0.0986301369863014,1.03978300180832,0.172840582541092
"2020-12-17",27600,"call",247,26718,0.0958904109589041,1.03301145295307,0.172605707289855
"2020-12-18",27600,"call",197,26520,0.0931506849315069,1.04072398190045,0.175939404452522
"2020-12-21",27600,"call",165,26365,0.0849315068493151,1.0468424047032,0.185660558869168
"2020-12-22",27600,"call",125,26140,0.0821917808219178,1.05585309869931,0.189994115221263
"2020-12-23",27600,"call",145,26331,0.0794520547945206,1.04819414378489,0.185785912886575
"2020-12-24",27600,"call",143,26429,0.0767123287671233,1.0443073896099,0.178606632311019
"2020-12-28",27600,"call",138,26391,0.0657534246575342,1.04581107195635,0.194464865153152
"2020-12-29",27600,"call",170,26625,0.063013698630137,1.03661971830986,0.18939903624404
"2020-12-30",27600,"call",377,27286,0.0602739726027397,1.01150773290332,0.191198179717236
"2020-12-31",27600,"call",368,27219,0.0575342465753425,1.01399757522319,0.203020285777548
"2021-01-04",27600,"call",438,27488,0.0465753424657534,1.00407450523865,0.205613536716793
"2021-01-05",27600,"call",476,27564,0.0438356164383562,1.00130605137135,0.212460173269326
"2021-01-07",27600,"call",460,27543,0.0383561643835616,1.00206949134081,0.224794407917361
"2020-11-30",27800,"call",310,26448,0.142465753424658,1.05111917725348,0.197057038395519
"2020-12-01",27800,"call",296,26604,0.13972602739726,1.04495564576755,0.181882382896683
"2020-12-02",27800,"call",280,26544,0.136986301369863,1.04731766124171,0.183790037631315
"2020-12-03",27800,"call",311,26735,0.134246575342466,1.03983542173181,0.178957908574474
"2020-12-04",27800,"call",315,26877,0.131506849315068,1.0343416303903,0.169448051408138
"2020-12-07",27800,"call",219,26434,0.123287671232877,1.05167587198305,0.18242750074377
"2020-12-08",27800,"call",173,26308,0.120547945205479,1.05671278698495,0.177363981510189
"2020-12-09",27800,"call",205,26556,0.117808219178082,1.04684440427775,0.171474007176932
"2020-12-10",27800,"call",166,26422,0.115068493150685,1.05215350843994,0.169729156379634
"2020-12-11",27800,"call",176,26510,0.112328767123288,1.04866088268578,0.168599571234937
"2020-12-14",27800,"call",147,26375,0.104109589041096,1.05402843601896,0.174366522917734
"2020-12-15",27800,"call",130,26253,0.101369863013699,1.05892659886489,0.178842147371308
"2020-12-16",27800,"call",172,26544,0.0986301369863014,1.04731766124171,0.175517752389341
"2020-12-17",27800,"call",204,26718,0.0958904109589041,1.04049704319186,0.174966013674268
"2020-12-18",27800,"call",160,26520,0.0931506849315069,1.04826546003017,0.177680394646084
"2020-12-21",27800,"call",135,26365,0.0849315068493151,1.05442821923004,0.188357055644795
"2020-12-22",27800,"call",99,26140,0.0821917808219178,1.06350420811018,0.191221080554783
"2020-12-23",27800,"call",115,26331,0.0794520547945206,1.05578975352246,0.187224918789001
"2020-12-24",27800,"call",117,26429,0.0767123287671233,1.05187483446214,0.182788928149327
"2020-12-28",27800,"call",107,26391,0.0657534246575342,1.05338941305748,0.195354985946533
"2020-12-29",27800,"call",128,26625,0.063013698630137,1.04413145539906,0.188166262380712
"2020-12-30",27800,"call",306,27286,0.0602739726027397,1.01883749908378,0.192310975268103
"2020-12-31",27800,"call",288,27219,0.0575342465753425,1.0213453837393,0.199165277733412
"2021-01-04",27800,"call",355,27488,0.0465753424657534,1.01135040745052,0.206532302821322
"2021-01-05",27800,"call",383,27564,0.0438356164383562,1.00856189232332,0.21113891413047
"2021-01-06",27800,"call",417,27631,0.0410958904109589,1.00611631862763,0.22002928763954
"2021-01-07",27800,"call",380,27543,0.0383561643835616,1.00933086446647,0.228806623947624
"2020-11-30",28000,"call",249,26448,0.142465753424658,1.05868118572293,0.192097382651076
"2020-12-01",28000,"call",256,26604,0.13972602739726,1.05247331228387,0.184209471232525
"2020-12-02",28000,"call",234,26544,0.136986301369863,1.05485232067511,0.183529264616276
"2020-12-03",28000,"call",263,26735,0.134246575342466,1.04731625210398,0.179716295833428
"2020-12-04",28000,"call",277,26877,0.131506849315068,1.04178293708375,0.174196204428304
"2020-12-07",28000,"call",188,26434,0.123287671232877,1.05924188545056,0.185496514441068
"2020-12-08",28000,"call",142,26308,0.120547945205479,1.06431503725103,0.178322011798097
"2020-12-09",28000,"call",166,26556,0.117808219178082,1.05437565898479,0.17161174173383
"2020-12-10",28000,"call",135,26422,0.115068493150685,1.05972295814094,0.170949065374268
"2020-12-11",28000,"call",157,26510,0.112328767123288,1.0562052055828,0.175766875172294
"2020-12-14",28000,"call",120,26375,0.104109589041096,1.06161137440758,0.176386601990021
"2020-12-15",28000,"call",101,26253,0.101369863013699,1.06654477583514,0.178222715042238
"2020-12-16",28000,"call",142,26544,0.0986301369863014,1.05485232067511,0.178213831888581
"2020-12-17",28000,"call",165,26718,0.0958904109589041,1.04798263343065,0.176086666813496
"2020-12-18",28000,"call",129,26520,0.0931506849315069,1.05580693815988,0.179266853510879
"2020-12-21",28000,"call",107,26365,0.0849315068493151,1.06201403375687,0.18923222641473
"2020-12-22",28000,"call",80,26140,0.0821917808219178,1.07115531752104,0.193887392172327
"2020-12-23",28000,"call",90,26331,0.0794520547945206,1.06338536326004,0.188267656777766
"2020-12-24",28000,"call",92,26429,0.0767123287671233,1.05944227931439,0.184585002137921
"2020-12-28",28000,"call",85,26391,0.0657534246575342,1.06096775415861,0.198241915869616
"2020-12-29",28000,"call",97,26625,0.063013698630137,1.05164319248826,0.188533690069353
"2020-12-30",28000,"call",245,27286,0.0602739726027397,1.02616726526424,0.193057976130282
"2020-12-31",28000,"call",226,27219,0.0575342465753425,1.02869319225541,0.198030732614388
"2021-01-04",28000,"call",280,27488,0.0465753424657534,1.0186263096624,0.205518895948809
"2021-01-05",28000,"call",302,27564,0.0438356164383562,1.01581773327529,0.209434315702945
"2021-01-06",28000,"call",327,27631,0.0410958904109589,1.01335456552423,0.216132135601627
"2021-01-07",28000,"call",291,27543,0.0383561643835616,1.01659223759213,0.222479778506802
"2021-01-08",28000,"call",375,27801,0.0356164383561644,1.00715801589871,0.221170838508478
"2021-01-11",28000,"call",466,27985,0.0273972602739726,1.00053600142934,0.254649745642279
"2020-11-30",28200,"call",229,26448,0.142465753424658,1.06624319419238,0.198805023142651
"2020-12-01",28200,"call",245,26604,0.13972602739726,1.05999097880018,0.19459395296244
"2020-12-02",28200,"call",203,26544,0.136986301369863,1.0623869801085,0.18645775369089
"2020-12-03",28200,"call",231,26735,0.134246575342466,1.05479708247615,0.183752469704303
"2020-12-04",28200,"call",221,26877,0.131506849315068,1.04922424377721,0.171231881735853
"2020-12-07",28200,"call",158,26434,0.123287671232877,1.06680789891806,0.187122458420939
"2020-12-08",28200,"call",121,26308,0.120547945205479,1.07191728751711,0.181704129299016
"2020-12-09",28200,"call",137,26556,0.117808219178082,1.06190691369182,0.173378113955663
"2020-12-10",28200,"call",110,26422,0.115068493150685,1.06729240784195,0.172544099771209
"2020-12-11",28200,"call",128,26510,0.112328767123288,1.06374952847982,0.176953176435793
"2020-12-14",28200,"call",104,26375,0.104109589041096,1.06919431279621,0.181844808600425
"2020-12-15",28200,"call",83,26253,0.101369863013699,1.07416295280539,0.181038938768694
"2020-12-16",28200,"call",115,26544,0.0986301369863014,1.0623869801085,0.179853757487912
"2020-12-17",28200,"call",134,26718,0.0958904109589041,1.05546822366944,0.177878667189801
"2020-12-18",28200,"call",100,26520,0.0931506849315069,1.06334841628959,0.178918645189491
"2020-12-21",28200,"call",87,26365,0.0849315068493151,1.06959984828371,0.191924466577539
"2020-12-22",28200,"call",62,26140,0.0821917808219178,1.07880642693191,0.194520618370526
"2020-12-23",28200,"call",74,26331,0.0794520547945206,1.07098097299761,0.192277050343387
"2020-12-24",28200,"call",71,26429,0.0767123287671233,1.06700972416664,0.185691172610382
"2020-12-28",28200,"call",63,26391,0.0657534246575342,1.06854609525975,0.197540244437455
"2020-12-29",28200,"call",75,26625,0.063013698630137,1.05915492957746,0.19071971291799
"2020-12-30",28200,"call",194,27286,0.0602739726027397,1.0334970314447,0.193803753043134
"2020-12-31",28200,"call",180,27219,0.0575342465753425,1.03604100077152,0.19967896699851
"2021-01-04",28200,"call",218,27488,0.0465753424657534,1.02590221187427,0.205014048904579
"2021-01-05",28200,"call",239,27564,0.0438356164383562,1.02307357422725,0.210426636430618
"2021-01-06",28200,"call",261,27631,0.0410958904109589,1.02059281242083,0.217608797913656
"2021-01-07",28200,"call",227,27543,0.0383561643835616,1.02385361071779,0.222227302338888
"2021-01-08",28200,"call",296,27801,0.0356164383561644,1.01435200172656,0.221002841801698
"2021-01-11",28200,"call",373,27985,0.0273972602739726,1.00768268715383,0.253532064801476
"2020-11-30",28400,"call",180,26448,0.142465753424658,1.07380520266183,0.193663502888516
"2020-12-01",28400,"call",193,26604,0.13972602739726,1.06750864531649,0.189607069889753
"2020-12-02",28400,"call",175,26544,0.136986301369863,1.06992163954189,0.188922775078552
"2020-12-03",28400,"call",190,26735,0.134246575342466,1.06227791284833,0.182929717518594
"2020-12-04",28400,"call",178,26877,0.131506849315068,1.05666555047066,0.170036395597525
"2020-12-07",28400,"call",128,26434,0.123287671232877,1.07437391238556,0.186679436144344
"2020-12-08",28400,"call",103,26308,0.120547945205479,1.07951953778318,0.184936773991673
"2020-12-09",28400,"call",114,26556,0.117808219178082,1.06943816839886,0.175758063816181
"2020-12-10",28400,"call",85,26422,0.115068493150685,1.07486185754296,0.171693010504152
"2020-12-11",28400,"call",106,26510,0.112328767123288,1.07129385137684,0.179250749043777
"2020-12-14",28400,"call",81,26375,0.104109589041096,1.07677725118483,0.181464018681149
"2020-12-15",28400,"call",66,26253,0.101369863013699,1.08178112977564,0.182293615701231
"2020-12-16",28400,"call",92,26544,0.0986301369863014,1.06992163954189,0.181054794280334
"2020-12-17",28400,"call",110,26718,0.0958904109589041,1.06295381390823,0.180524244632275
"2020-12-18",28400,"call",84,26520,0.0931506849315069,1.07088989441931,0.183284404111697
"2020-12-21",28400,"call",66,26365,0.0849315068493151,1.07718566281054,0.191152265561006
"2020-12-22",28400,"call",51,26140,0.0821917808219178,1.08645753634277,0.19825175904557
"2020-12-23",28400,"call",57,26331,0.0794520547945206,1.07857658273518,0.192977927839162
"2020-12-24",28400,"call",57,26429,0.0767123287671233,1.07457716901888,0.189013003526279
"2020-12-28",28400,"call",50,26391,0.0657534246575342,1.07612443636088,0.200850653134178
"2020-12-29",28400,"call",60,26625,0.063013698630137,1.06666666666667,0.194900486492354
"2020-12-30",28400,"call",153,27286,0.0602739726027397,1.04082679762516,0.195094832335249
"2020-12-31",28400,"call",145,27219,0.0575342465753425,1.04338880928763,0.202859598918838
"2021-01-04",28400,"call",169,27488,0.0465753424657534,1.03317811408615,0.205651702776583
"2021-01-05",28400,"call",187,27564,0.0438356164383562,1.03032941517922,0.211517321798504
"2021-01-06",28400,"call",203,27631,0.0410958904109589,1.02783105931743,0.217476822729957
"2021-01-07",28400,"call",178,27543,0.0383561643835616,1.03111498384344,0.224191948435873
"2021-01-08",28400,"call",231,27801,0.0356164383561644,1.0215459875544,0.221511075214634
"2021-01-11",28400,"call",299,27985,0.0273972602739726,1.01482937287833,0.255667497620908
"2021-01-12",28400,"call",373,28266,0.0246575342465753,1.00474067784618,0.244753470341255
"2021-01-13",28400,"call",325,28236,0.0219178082191781,1.00580818812863,0.23896850898939
"2020-11-30",28600,"call",159,26448,0.142465753424658,1.08136721113128,0.197267814250004
"2020-12-01",28600,"call",159,26604,0.13972602739726,1.07502631183281,0.188841812094156
"2020-12-02",28600,"call",145,26544,0.136986301369863,1.07745629897529,0.188905303903756
"2020-12-03",28600,"call",162,26735,0.134246575342466,1.0697587432205,0.184974059687182
"2020-12-04",28600,"call",155,26877,0.131506849315068,1.06410685716412,0.174235621551986
"2020-12-07",28600,"call",112,26434,0.123287671232877,1.08193992585307,0.190992960218283
"2020-12-08",28600,"call",95,26308,0.120547945205479,1.08712178804926,0.192303543406587
"2020-12-09",28600,"call",91,26556,0.117808219178082,1.07696942310589,0.176059346379755
"2020-12-10",28600,"call",74,26422,0.115068493150685,1.08243130724396,0.176803123441838
"2020-12-11",28600,"call",84,26510,0.112328767123288,1.07883817427386,0.17938305051867
"2020-12-14",28600,"call",70,26375,0.104109589041096,1.08436018957346,0.186443986397586
"2020-12-15",28600,"call",50,26253,0.101369863013699,1.0893993067459,0.181672564064524
"2020-12-16",28600,"call",75,26544,0.0986301369863014,1.07745629897529,0.183435586791893
"2020-12-17",28600,"call",73,26718,0.0958904109589041,1.07043940414702,0.172516338198191
"2020-12-18",28600,"call",62,26520,0.0931506849315069,1.07843137254902,0.18128393323506
"2020-12-21",28600,"call",55,26365,0.0849315068493151,1.08477147733738,0.195311640549141
"2020-12-22",28600,"call",41,26140,0.0821917808219178,1.09410864575363,0.200863979461497
"2020-12-23",28600,"call",46,26331,0.0794520547945206,1.08617219247275,0.196094727911483
"2020-12-24",28600,"call",43,26429,0.0767123287671233,1.08214461387113,0.189571096328924
"2020-12-28",28600,"call",38,26391,0.0657534246575342,1.08370277746201,0.202210083725679
"2020-12-29",28600,"call",49,26625,0.063013698630137,1.07417840375587,0.199972644417563
"2020-12-30",28600,"call",117,27286,0.0602739726027397,1.04815656380561,0.194867385821403
"2020-12-31",28600,"call",117,27219,0.0575342465753425,1.05073661780374,0.206382572452037
"2021-01-04",28600,"call",130,27488,0.0465753424657534,1.04045401629802,0.206723423843914
"2021-01-05",28600,"call",145,27564,0.0438356164383562,1.03758525613119,0.212857161170176
"2021-01-06",28600,"call",156,27631,0.0410958904109589,1.03506930621404,0.21768222262604
"2021-01-07",28600,"call",133,27543,0.0383561643835616,1.0383763569691,0.222745680196858
"2021-01-08",28600,"call",179,27801,0.0356164383561644,1.02873997338225,0.222878591676952
"2021-01-11",28600,"call",232,27985,0.0273972602739726,1.02197605860282,0.254751774471086
"2021-01-12",28600,"call",295,28266,0.0246575342465753,1.01181631642256,0.247048016994482
"2021-01-13",28600,"call",250,28236,0.0219178082191781,1.01289134438306,0.241047082090341
"2020-11-30",28800,"call",148,26448,0.142465753424658,1.08892921960073,0.204075135913676
"2020-12-01",28800,"call",146,26604,0.13972602739726,1.08254397834912,0.195151940812993
"2020-12-02",28800,"call",127,26544,0.136986301369863,1.08499095840868,0.19245168058557
"2020-12-03",28800,"call",130,26735,0.134246575342466,1.07723957359267,0.183484729553086
"2020-12-04",28800,"call",137,26877,0.131506849315068,1.07154816385757,0.179118327876209
"2020-12-07",28800,"call",87,26434,0.123287671232877,1.08950593932057,0.18882585654125
"2020-12-08",28800,"call",66,26308,0.120547945205479,1.09472403831534,0.185341890540412
"2020-12-09",28800,"call",92,26556,0.117808219178082,1.08450067781292,0.188318647167687
"2020-12-10",28800,"call",60,26422,0.115068493150685,1.09000075694497,0.178502505907377
"2020-12-11",28800,"call",70,26510,0.112328767123288,1.08638249717088,0.182196512974846
"2020-12-14",28800,"call",52,26375,0.104109589041096,1.09194312796209,0.184430883633857
"2020-12-15",28800,"call",44,26253,0.101369863013699,1.09701748371615,0.187476751546813
"2020-12-16",28800,"call",57,26544,0.0986301369863014,1.08499095840868,0.182686436776812
"2020-12-17",28800,"call",70,26718,0.0958904109589041,1.07792499438581,0.183142794101961
"2020-12-18",28800,"call",53,26520,0.0931506849315069,1.08597285067873,0.186380510708394
"2020-12-21",28800,"call",43,26365,0.0849315068493151,1.09235729186421,0.196499220446056
"2020-12-22",28800,"call",33,26140,0.0821917808219178,1.1017597551645,0.203530824287367
"2020-12-23",28800,"call",35,26331,0.0794520547945206,1.09376780221032,0.196722063363696
"2020-12-24",28800,"call",33,26429,0.0767123287671233,1.08971205872337,0.191164219157638
"2020-12-28",28800,"call",29,26391,0.0657534246575342,1.09128111856315,0.203988154346577
"2020-12-29",28800,"call",36,26625,0.063013698630137,1.08169014084507,0.200108249042052
"2020-12-30",28800,"call",89,27286,0.0602739726027397,1.05548632998607,0.195187016888136
"2020-12-31",28800,"call",90,27219,0.0575342465753425,1.05808442631985,0.206922854299172
"2021-01-04",28800,"call",97,27488,0.0465753424657534,1.0477299185099,0.206488634542069
"2021-01-05",28800,"call",109,27564,0.0438356164383562,1.04484109708315,0.212677439278679
"2021-01-06",28800,"call",123,27631,0.0410958904109589,1.04230755311064,0.221167374360962
"2021-01-07",28800,"call",103,27543,0.0383561643835616,1.04563773009476,0.225641769984565
"2021-01-08",28800,"call",138,27801,0.0356164383561644,1.0359339592101,0.224928514811371
"2021-01-11",28800,"call",178,27985,0.0273972602739726,1.02912274432732,0.254701451987108
"2021-01-12",28800,"call",224,28266,0.0246575342465753,1.01889195499894,0.245416534953496
"2021-01-13",28800,"call",190,28236,0.0219178082191781,1.01997450063748,0.243725061984989
"2020-11-30",29000,"call",109,26448,0.142465753424658,1.09649122807018,0.196621665329256
"2020-12-01",29000,"call",118,26604,0.13972602739726,1.09006164486543,0.193577437777512
"2020-12-02",29000,"call",102,26544,0.136986301369863,1.09252561784207,0.191110207847452
"2020-12-03",29000,"call",107,26735,0.134246575342466,1.08472040396484,0.183946272760634
"2020-12-07",29000,"call",80,26434,0.123287671232877,1.09707195278808,0.195489689475051
"2020-12-08",29000,"call",54,26308,0.120547945205479,1.10232628858142,0.186888940778424
"2020-12-09",29000,"call",62,26556,0.117808219178082,1.09203193251996,0.180462560429381
"2020-12-10",29000,"call",51,26422,0.115068493150685,1.09757020664598,0.182217289974221
"2020-12-11",29000,"call",55,26510,0.112328767123288,1.0939268200679,0.182408773777048
"2020-12-14",29000,"call",43,26375,0.104109589041096,1.09952606635071,0.18737121096156
"2020-12-15",29000,"call",33,26253,0.101369863013699,1.1046356606864,0.186797406469921
"2020-12-16",29000,"call",46,26544,0.0986301369863014,1.09252561784207,0.184906412136164
"2020-12-17",29000,"call",57,26718,0.0958904109589041,1.0854105846246,0.185679466445002
"2020-12-18",29000,"call",43,26520,0.0931506849315069,1.09351432880845,0.18902569174839
"2020-12-21",29000,"call",35,26365,0.0849315068493151,1.09994310639105,0.199513770527125
"2020-12-22",29000,"call",26,26140,0.0821917808219178,1.10941086457536,0.205358434601104
"2020-12-23",29000,"call",28,26331,0.0794520547945206,1.10136341194789,0.199549727978901
"2020-12-24",29000,"call",26,26429,0.0767123287671233,1.09727950357562,0.193884393256583
"2020-12-28",29000,"call",24,26391,0.0657534246575342,1.09885945966428,0.209041533462253
"2020-12-29",29000,"call",27,26625,0.063013698630137,1.08920187793427,0.201535930432675
"2020-12-30",29000,"call",70,27286,0.0602739726027397,1.06281609616653,0.1979853326216
"2020-12-31",29000,"call",69,27219,0.0575342465753425,1.06543223483596,0.20786976568711
"2021-01-04",29000,"call",71,27488,0.0465753424657534,1.05500582072177,0.206094247748686
"2021-01-05",29000,"call",78,27564,0.0438356164383562,1.05209693803512,0.210368275579334
"2021-01-06",29000,"call",88,27631,0.0410958904109589,1.04954580000724,0.218000611468769
"2021-01-07",29000,"call",72,27543,0.0383561643835616,1.05289910322042,0.222057777577719
"2021-01-08",29000,"call",105,27801,0.0356164383561644,1.04312794503795,0.226731775965716
"2021-01-11",29000,"call",136,27985,0.0273972602739726,1.03626943005181,0.255926739195546
"2021-01-12",29000,"call",175,28266,0.0246575342465753,1.02596759357532,0.2499488247685
"2021-01-13",29000,"call",140,28236,0.0219178082191781,1.02705765689191,0.244604289769012
"2020-11-30",25600,"put",458,26448,0.142465753424658,0.967937084089534,0.210114297930014
"2020-12-01",25600,"put",403,26604,0.13972602739726,0.962261314088107,0.210096160242677
"2020-12-02",25600,"put",372,26544,0.136986301369863,0.964436407474382,0.197777637954583
"2020-12-03",25600,"put",317,26735,0.134246575342466,0.957546287637928,0.199032012291661
"2020-12-04",25600,"put",280,26877,0.131506849315068,0.952487256762287,0.200446558019331
"2020-12-07",25600,"put",357,26434,0.123287671232877,0.968449723840508,0.193402681195636
"2020-12-08",25600,"put",390,26308,0.120547945205479,0.973088034058081,0.193535410858585
"2020-12-09",25600,"put",308,26556,0.117808219178082,0.964000602500377,0.193279091850521
"2020-12-10",25600,"put",315,26422,0.115068493150685,0.968889561728862,0.185341202414195
"2020-12-11",25600,"put",308,26510,0.112328767123288,0.965673330818559,0.193551013375307
"2020-12-14",25600,"put",320,26375,0.104109589041096,0.970616113744076,0.191601187779717
"2020-12-15",25600,"put",361,26253,0.101369863013699,0.97512665219213,0.195059969225331
"2020-12-16",25600,"put",270,26544,0.0986301369863014,0.964436407474382,0.195872941410902
"2020-12-17",25600,"put",225,26718,0.0958904109589041,0.958155550565162,0.197786634924239
"2020-12-18",25600,"put",275,26520,0.0931506849315069,0.965309200603318,0.20091575208476
"2020-12-21",25600,"put",329,26365,0.0849315068493151,0.970984259434857,0.213923468005069
"2020-12-22",25600,"put",402,26140,0.0821917808219178,0.979342004590666,0.217079086192754
"2020-12-23",25600,"put",301,26331,0.0794520547945206,0.972238046409176,0.20627207093086
"2020-12-24",25600,"put",260,26429,0.0767123287671233,0.968632941087442,0.204691862509801
"2020-12-28",25600,"put",263,26391,0.0657534246575342,0.970027660945019,0.217498260825053
"2020-12-29",25600,"put",199,26625,0.063013698630137,0.96150234741784,0.219892154941756
"2020-12-30",25600,"put",105,27286,0.0602739726027397,0.938210071098732,0.237248473446492
"2020-12-31",25600,"put",100,27219,0.0575342465753425,0.940519490062089,0.232859948039823
"2021-01-04",25600,"put",74,27488,0.0465753424657534,0.931315483119907,0.262438433288094
"2021-01-05",25600,"put",68,27564,0.0438356164383562,0.928747641851691,0.271691070436078
"2021-01-06",25600,"put",68,27631,0.0410958904109589,0.92649560276501,0.287182170527625
"2021-01-07",25600,"put",74,27543,0.0383561643835616,0.929455760084232,0.294788419513431
"2021-01-08",25600,"put",53,27801,0.0356164383561644,0.920830185964534,0.30669366284245
"2021-01-11",25600,"put",46,27985,0.0273972602739726,0.914775772735394,0.358435136121359
"2021-01-12",25600,"put",24,28266,0.0246575342465753,0.905681737776834,0.359347663547303
"2021-01-13",25600,"put",16,28236,0.0219178082191781,0.906644000566653,0.351458532837546
"2020-11-30",25800,"put",491,26448,0.142465753424658,0.975499092558984,0.199169594734576
"2020-12-01",25800,"put",501,26604,0.13972602739726,0.96977898060442,0.218466966433717
"2020-12-02",25800,"put",432,26544,0.136986301369863,0.971971066907776,0.19567584930233
"2020-12-03",25800,"put",357,26735,0.134246575342466,0.965027118010099,0.192989620680602
"2020-12-04",25800,"put",303,26877,0.131506849315068,0.959928563455743,0.190349192237285
"2020-12-07",25800,"put",389,26434,0.123287671232877,0.976015737308012,0.182428272407179
"2020-12-08",25800,"put",454,26308,0.120547945205479,0.98069028432416,0.190556583734274
"2020-12-09",25800,"put",355,26556,0.117808219178082,0.971531857207411,0.188166918446655
"2020-12-10",25800,"put",375,26422,0.115068493150685,0.976459011429869,0.183139035757867
"2020-12-11",25800,"put",353,26510,0.112328767123288,0.973217653715579,0.187376937325756
"2020-12-14",25800,"put",376,26375,0.104109589041096,0.978199052132701,0.187511139420773
"2020-12-15",25800,"put",414,26253,0.101369863013699,0.982744829162381,0.188239498474769
"2020-12-16",25800,"put",314,26544,0.0986301369863014,0.971971066907776,0.189969798787574
"2020-12-17",25800,"put",267,26718,0.0958904109589041,0.965641140803952,0.193449769077689
"2020-12-18",25800,"put",326,26520,0.0931506849315069,0.972850678733032,0.197000549360081
"2020-12-21",25800,"put",390,26365,0.0849315068493151,0.978570073961692,0.210855050386158
"2020-12-22",25800,"put",452,26140,0.0821917808219178,0.98699311400153,0.206676274945189
"2020-12-23",25800,"put",359,26331,0.0794520547945206,0.979833656146747,0.202253725838173
"2020-12-24",25800,"put",307,26429,0.0767123287671233,0.976200385939687,0.198400611370292
"2020-12-28",25800,"put",314,26391,0.0657534246575342,0.977606002046152,0.211854748443299
"2020-12-29",25800,"put",234,26625,0.063013698630137,0.969014084507042,0.211530314105187
"2020-12-30",25800,"put",124,27286,0.0602739726027397,0.945539837279191,0.229473113092363
"2020-12-31",25800,"put",128,27219,0.0575342465753425,0.947867298578199,0.230728034386514
"2021-01-04",25800,"put",88,27488,0.0465753424657534,0.938591385331781,0.253692808685839
"2021-01-05",25800,"put",81,27564,0.0438356164383562,0.936003482803657,0.262848715071488
"2021-01-06",25800,"put",79,27631,0.0410958904109589,0.933733849661612,0.276398645516722
"2021-01-07",25800,"put",88,27543,0.0383561643835616,0.93671713320989,0.285422990803515
"2021-01-08",25800,"put",63,27801,0.0356164383561644,0.928024171792382,0.296937743688745
"2021-01-11",25800,"put",56,27985,0.0273972602739726,0.921922458459889,0.349694311703236
"2021-01-12",25800,"put",30,28266,0.0246575342465753,0.912757376353216,0.35099026266235
"2021-01-13",25800,"put",19,28236,0.0219178082191781,0.91372715682108,0.338098698740325
"2020-11-30",26000,"put",530,26448,0.142465753424658,0.983061101028433,0.188505507382522
"2020-12-01",26000,"put",530,26604,0.13972602739726,0.977296647120734,0.205820525991273
"2020-12-02",26000,"put",514,26544,0.136986301369863,0.979505726341169,0.197552124402823
"2020-12-03",26000,"put",424,26735,0.134246575342466,0.97250794838227,0.193035243405594
"2020-12-04",26000,"put",378,26877,0.131506849315068,0.967369870149198,0.19461938235134
"2020-12-07",26000,"put",477,26434,0.123287671232877,0.983581750775516,0.185741655951372
"2020-12-08",26000,"put",517,26308,0.120547945205479,0.988292534590239,0.184990511405124
"2020-12-09",26000,"put",415,26556,0.117808219178082,0.979063111914445,0.184864499694966
"2020-12-10",26000,"put",440,26422,0.115068493150685,0.984028461130876,0.179898298929596
"2020-12-11",26000,"put",401,26510,0.112328767123288,0.980761976612599,0.180037059029373
"2020-12-14",26000,"put",410,26375,0.104109589041096,0.985781990521327,0.174104225285802
"2020-12-15",26000,"put",474,26253,0.101369863013699,0.990363006132633,0.181063580510068
"2020-12-16",26000,"put",380,26544,0.0986301369863014,0.979505726341169,0.188897076832123
"2020-12-17",26000,"put",317,26718,0.0958904109589041,0.973126731042743,0.189463010735483
"2020-12-18",26000,"put",380,26520,0.0931506849315069,0.980392156862745,0.191440148677939
"2020-12-21",26000,"put",450,26365,0.0849315068493151,0.986155888488526,0.204513733816066
"2020-12-22",26000,"put",553,26140,0.0821917808219178,0.994644223412395,0.210691476589477
"2020-12-23",26000,"put",428,26331,0.0794520547945206,0.987429265884319,0.198908156470349
"2020-12-24",26000,"put",367,26429,0.0767123287671233,0.983767830791933,0.19385253855264
"2020-12-28",26000,"put",378,26391,0.0657534246575342,0.985184343147285,0.207847372016549
"2020-12-29",26000,"put",281,26625,0.063013698630137,0.976525821596244,0.205381460848418
"2020-12-30",26000,"put",149,27286,0.0602739726027397,0.95286960345965,0.222959812964294
"2020-12-31",26000,"put",150,27219,0.0575342465753425,0.955215107094309,0.221664479286656
"2021-01-04",26000,"put",107,27488,0.0465753424657534,0.945867287543655,0.246487202071905
"2021-01-05",26000,"put",99,27564,0.0438356164383562,0.943259323755623,0.255834268441899
"2021-01-06",26000,"put",96,27631,0.0410958904109589,0.940972096558214,0.268919075562299
"2021-01-07",26000,"put",103,27543,0.0383561643835616,0.943978506335548,0.27441845164054
"2021-01-08",26000,"put",73,27801,0.0356164383561644,0.93521815762023,0.284900935703829
"2021-01-11",26000,"put",66,27985,0.0273972602739726,0.929069144184384,0.338020449955756
"2021-01-12",26000,"put",36,28266,0.0246575342465753,0.919833014929597,0.339613248794034
"2021-01-13",26000,"put",24,28236,0.0219178082191781,0.920810313075506,0.328226383261115
"2020-11-30",26200,"put",502,26448,0.142465753424658,0.990623109497883,0.159147401042192
"2020-12-01",26200,"put",610,26604,0.13972602739726,0.984814313637047,0.205244649181254
"2020-12-02",26200,"put",600,26544,0.136986301369863,0.987040385774563,0.19822609060827
"2020-12-03",26200,"put",490,26735,0.134246575342466,0.979988778754442,0.19061776726421
"2020-12-04",26200,"put",403,26877,0.131506849315068,0.974811176842654,0.182170980073421
"2020-12-07",26200,"put",613,26434,0.123287671232877,0.99114776424302,0.199487102937503
"2020-12-08",26200,"put",593,26308,0.120547945205479,0.995894784856317,0.180707369052988
"2020-12-09",26200,"put",493,26556,0.117808219178082,0.986594366621479,0.184353139785582
"2020-12-10",26200,"put",543,26422,0.115068493150685,0.991597910831883,0.184933281440997
"2020-12-11",26200,"put",470,26510,0.112328767123288,0.988306299509619,0.176606733655413
"2020-12-14",26200,"put",511,26375,0.104109589041096,0.993364928909953,0.178503347844558
"2020-12-15",26200,"put",585,26253,0.101369863013699,0.997981183102884,0.18644831622208
"2020-12-16",26200,"put",456,26544,0.0986301369863014,0.987040385774563,0.187998474105095
"2020-12-17",26200,"put",375,26718,0.0958904109589041,0.980612321281533,0.185483265108332
"2020-12-18",26200,"put",470,26520,0.0931506849315069,0.987933634992459,0.194711896244545
"2020-12-21",26200,"put",516,26365,0.0849315068493151,0.993741703015361,0.197259740730775
"2020-12-23",26200,"put",504,26331,0.0794520547945206,0.995024875621891,0.194536609106795
"2020-12-24",26200,"put",442,26429,0.0767123287671233,0.991335275644179,0.191137658324822
"2020-12-28",26200,"put",451,26391,0.0657534246575342,0.992762684248418,0.203392253319112
"2020-12-29",26200,"put",347,26625,0.063013698630137,0.984037558685446,0.203328792924091
"2020-12-30",26200,"put",179,27286,0.0602739726027397,0.960199369640108,0.216419387645416
"2020-12-31",26200,"put",186,27219,0.0575342465753425,0.962562915610419,0.217525517321659
"2021-01-04",26200,"put",129,27488,0.0465753424657534,0.95314318975553,0.238502408583722
"2021-01-05",26200,"put",121,27564,0.0438356164383562,0.95051516470759,0.248830834746079
"2021-01-06",26200,"put",113,27631,0.0410958904109589,0.948210343454815,0.258596457772759
"2021-01-07",26200,"put",124,27543,0.0383561643835616,0.951239879461206,0.265617290896899
"2021-01-08",26200,"put",88,27801,0.0356164383561644,0.942412143448077,0.275662022294563
"2021-01-11",26200,"put",80,27985,0.0273972602739726,0.93621582990888,0.328614592748027
"2021-01-12",26200,"put",44,28266,0.0246575342465753,0.926908653505979,0.329325712599874
"2021-01-13",26200,"put",30,28236,0.0219178082191781,0.927893469329933,0.317474603416638
"2020-11-30",26400,"put",731,26448,0.142465753424658,0.998185117967332,0.193288724495615
"2020-12-01",26400,"put",700,26604,0.13972602739726,0.99233198015336,0.20525707254938
"2020-12-02",26400,"put",649,26544,0.136986301369863,0.994575045207957,0.187247251506496
"2020-12-03",26400,"put",560,26735,0.134246575342466,0.987469609126613,0.18721476690311
"2020-12-04",26400,"put",495,26877,0.131506849315068,0.982252483536109,0.186615280986709
"2020-12-07",26400,"put",657,26434,0.123287671232877,0.998713777710524,0.185449342720732
"2020-12-09",26400,"put",588,26556,0.117808219178082,0.994125621328513,0.185976787579297
"2020-12-10",26400,"put",624,26422,0.115068493150685,0.999167360532889,0.180888430064287
"2020-12-11",26400,"put",551,26510,0.112328767123288,0.995850622406639,0.17392209454307
"2020-12-16",26400,"put",519,26544,0.0986301369863014,0.994575045207957,0.180153254299229
"2020-12-17",26400,"put",448,26718,0.0958904109589041,0.988097911520323,0.183429425106619
"2020-12-18",26400,"put",551,26520,0.0931506849315069,0.995475113122172,0.191838888427801
"2020-12-24",26400,"put",535,26429,0.0767123287671233,0.998902720496424,0.190855055148563
"2020-12-29",26400,"put",417,26625,0.063013698630137,0.991549295774648,0.198650130943205
"2020-12-30",26400,"put",220,27286,0.0602739726027397,0.967529135820567,0.2122252146883
"2020-12-31",26400,"put",212,27219,0.0575342465753425,0.969910724126529,0.205206909670648
"2021-01-04",26400,"put",159,27488,0.0465753424657534,0.960419091967404,0.232464668790308
"2021-01-05",26400,"put",146,27564,0.0438356164383562,0.957771005659556,0.240657152178394
"2021-01-06",26400,"put",139,27631,0.0410958904109589,0.955448590351417,0.252006412731174
"2021-01-07",26400,"put",152,27543,0.0383561643835616,0.958501252586864,0.258498838866351
"2021-01-08",26400,"put",108,27801,0.0356164383561644,0.949606129275925,0.267801113511152
"2021-01-11",26400,"put",95,27985,0.0273972602739726,0.943362515633375,0.317065559917956
"2021-01-12",26400,"put",53,28266,0.0246575342465753,0.93398429208236,0.317652230190164
"2021-01-13",26400,"put",37,28236,0.0219178082191781,0.93497662558436,0.305507076635803
"2020-12-01",26600,"put",791,26604,0.13972602739726,0.999849646669674,0.203542099688774
"2020-12-03",26600,"put",658,26735,0.134246575342466,0.994950439498784,0.188962194200209
"2020-12-04",26600,"put",590,26877,0.131506849315068,0.989693790229564,0.189267350880165
"2020-12-17",26600,"put",545,26718,0.0958904109589041,0.995583501759114,0.185652310359011
"2020-12-29",26600,"put",503,26625,0.063013698630137,0.99906103286385,0.19577024094491
"2020-12-30",26600,"put",265,27286,0.0602739726027397,0.974858902001026,0.206336787217146
"2020-12-31",26600,"put",271,27219,0.0575342465753425,0.977258532642639,0.204878774593944
"2021-01-04",26600,"put",196,27488,0.0465753424657534,0.967694994179278,0.22671078547185
"2021-01-05",26600,"put",180,27564,0.0438356164383562,0.965026846611522,0.234574153431813
"2021-01-06",26600,"put",168,27631,0.0410958904109589,0.962686837248019,0.24377762335509
"2021-01-07",26600,"put",186,27543,0.0383561643835616,0.965762625712522,0.251361305523733
"2021-01-08",26600,"put",129,27801,0.0356164383561644,0.956800115103773,0.257313734122937
"2021-01-11",26600,"put",117,27985,0.0273972602739726,0.95050920135787,0.308988417290404
"2021-01-12",26600,"put",65,28266,0.0246575342465753,0.941059930658742,0.307108753581809
"2021-01-13",26600,"put",47,28236,0.0219178082191781,0.942059781838787,0.295291966751077
"2020-12-04",26800,"put",673,26877,0.131506849315068,0.99713509692302,0.186472104038888
"2020-12-30",26800,"put",330,27286,0.0602739726027397,0.982188668181485,0.205119384653543
"2020-12-31",26800,"put",342,27219,0.0575342465753425,0.984606341158749,0.205006348286202
"2021-01-04",26800,"put",244,27488,0.0465753424657534,0.974970896391153,0.222572788342013
"2021-01-05",26800,"put",220,27564,0.0438356164383562,0.972282687563489,0.227844282839737
"2021-01-06",26800,"put",208,27631,0.0410958904109589,0.96992508414462,0.238237508193229
"2021-01-07",26800,"put",230,27543,0.0383561643835616,0.97302399883818,0.245808150599917
"2021-01-08",26800,"put",161,27801,0.0356164383561644,0.963994100931621,0.251004743212894
"2021-01-11",26800,"put",145,27985,0.0273972602739726,0.957655887082366,0.301800398857788
"2021-01-12",26800,"put",81,28266,0.0246575342465753,0.948135569235123,0.297731005957918
"2021-01-13",26800,"put",60,28236,0.0219178082191781,0.949142938093214,0.285243980023062
"2020-12-30",27000,"put",396,27286,0.0602739726027397,0.989518434361944,0.200125656550263
"2020-12-31",27000,"put",416,27219,0.0575342465753425,0.99195414967486,0.201772367520438
"2021-01-04",27000,"put",301,27488,0.0465753424657534,0.982246798603027,0.218221987788364
"2021-01-05",27000,"put",275,27564,0.0438356164383562,0.979538528515455,0.224391274745087
"2021-01-06",27000,"put",258,27631,0.0410958904109589,0.977163331041222,0.233584190476282
"2021-01-07",27000,"put",277,27543,0.0383561643835616,0.980285371963838,0.237238069829179
"2021-01-08",27000,"put",195,27801,0.0356164383561644,0.971188086759469,0.241608097774915
"2021-01-11",27000,"put",173,27985,0.0273972602739726,0.964802572806861,0.290156419784995
"2021-01-12",27000,"put",98,28266,0.0246575342465753,0.955211207811505,0.2854002792795
"2021-01-13",27000,"put",78,28236,0.0219178082191781,0.956226094347641,0.276583298085419
"2020-12-30",27200,"put",480,27286,0.0602739726027397,0.996848200542403,0.197829477188899
"2020-12-31",27200,"put",505,27219,0.0575342465753425,0.99930195819097,0.199864720472071
"2021-01-04",27200,"put",371,27488,0.0465753424657534,0.989522700814901,0.214947146588099
"2021-01-05",27200,"put",341,27564,0.0438356164383562,0.986794369467421,0.221187453582748
"2021-01-06",27200,"put",316,27631,0.0410958904109589,0.984401577937823,0.228098706496061
"2021-01-07",27200,"put",348,27543,0.0383561643835616,0.987546745089496,0.235782715215518
"2021-01-08",27200,"put",257,27801,0.0356164383561644,0.978382072587317,0.243387242088435
"2021-01-11",27200,"put",212,27985,0.0273972602739726,0.971949258531356,0.281821477492632
"2021-01-12",27200,"put",124,28266,0.0246575342465753,0.962286846387887,0.277201204046125
"2021-01-13",27200,"put",101,28236,0.0219178082191781,0.963309250602068,0.267665890267321
"2021-01-04",27400,"put",454,27488,0.0465753424657534,0.996798603026775,0.212207184853552
"2021-01-05",27400,"put",422,27564,0.0438356164383562,0.994050210419388,0.219525921739367
"2021-01-06",27400,"put",389,27631,0.0410958904109589,0.991639824834425,0.224573810806189
"2021-01-07",27400,"put",420,27543,0.0383561643835616,0.994808118215154,0.229167539902559
"2021-01-08",27400,"put",303,27801,0.0356164383561644,0.985576058415165,0.230932607583466
"2021-01-11",27400,"put",263,27985,0.0273972602739726,0.979095944255851,0.275818125591537
"2021-01-12",27400,"put",157,28266,0.0246575342465753,0.969362484964268,0.269338000313247
"2021-01-13",27400,"put",133,28236,0.0219178082191781,0.970392406856495,0.260751006468412
"2021-01-06",27600,"put",470,27631,0.0410958904109589,0.998878071731027,0.219226722596899
"2021-01-08",27600,"put",383,27801,0.0356164383561644,0.992770044243013,0.230209821709481
"2021-01-11",27600,"put",326,27985,0.0273972602739726,0.986242629980347,0.270927133029738
"2021-01-12",27600,"put",202,28266,0.0246575342465753,0.97643812354065,0.264133355281444
"2021-01-13",27600,"put",174,28236,0.0219178082191781,0.977475563110922,0.253920239071335
"2021-01-08",27800,"put",468,27801,0.0356164383561644,0.999964030070861,0.225650289993443
"2021-01-11",27800,"put",408,27985,0.0273972602739726,0.993389315704842,0.270196201031636
"2021-01-12",27800,"put",259,28266,0.0246575342465753,0.983513762117031,0.259946674612713
"2021-01-13",27800,"put",229,28236,0.0219178082191781,0.984558719365349,0.249247827897725
"2021-01-12",28000,"put",327,28266,0.0246575342465753,0.990589400693413,0.255176575180126
"2021-01-13",28000,"put",300,28236,0.0219178082191781,0.991641875619776,0.246373312648335
"2021-01-12",28200,"put",410,28266,0.0246575342465753,0.997665039269794,0.251478799113485
"2021-01-13",28200,"put",382,28236,0.0219178082191781,0.998725031874203,0.24123686293318
